Guy,Bernard,MARSEILLE,13016,04.49.68.95.57,guy.bernard@server.fr,footballeur
Guy,Bertin,,,04.95.43.11.26,guy.bertin@server.fr,barman
,Bouchet-Marchal,NANTES,44000,02.14.98.30.02,guy.bouchet-marchal@server.fr,agriculteur
Guy,Briand,TOULOUSE,31300,05.73.75.37.75,guy.briand@server.fr,footballeur
Guy,Chauvin,PARIS,75002,01.36.10.42.87,guy.chauvin@server.fr,avocat
,de la Peron,,,03.96.83.37.16,guy.de-la-peron@server.fr,
Guy,Dos Santos,STRASBOURG,67000,03.83.80.03.95,,
Guy,Gosselin,PARIS,75019,01.28.60.85.68,guy.gosselin@server.fr,chercheur
Guy,Mace,RENNES,35000,02.75.45.40.99,guy.mace@server.fr,
,Mahe,MARSEILLE,13015,04.45.74.99.36,guy.mahe@server.fr,cuisinier
,Marion,MONTPELLIER,34000,04.06.94.60.45,guy.marion@server.fr,
Guy,Marques,STRASBOURG,67100,03.94.66.59.64,guy.marques@server.fr,
,Maury-Roger,MARSEILLE,13008,04.11.47.81.01,guy.maury-roger@server.fr,avocat
Guy,Menard-Hernandez,MARSEILLE,13013,04.10.07.41.09,guy.menard-hernandez@server.fr,comptable
Guy,Meyer-Dufour,NICE,6000,04.07.26.61.69,,banquier
Guy,Moreau,NICE,6200,04.78.48.51.39,guy.moreau@server.fr,
,Morvan,NANTES,44100,02.96.92.64.39,guy.morvan@server.fr,informaticien
,Moulin,PARIS,75001,01.93.56.11.42,guy.moulin@server.fr,
,Moulin,,,03.93.02.08.72,guy.moulin@server.fr,comptable
Guy,Pons,LYON,69004,04.58.05.37.33,,footballeur
,Roussel,MARSEILLE,13011,04.28.83.40.13,guy.roussel@server.fr,
Guy,Thierry,STRASBOURG,67100,03.31.55.30.25,guy.thierry@server.fr,
Guy,Turpin,TOULOUSE,31400,05.94.77.78.82,guy.turpin@server.fr,
Guy,Vasseur,NICE,6200,04.07.53.73.28,guy.vasseur@server.fr,
Guy,Voisin,MARSEILLE,13016,04.77.01.51.65,,
Guy-Alexandre,Jacques,LYON,69001,04.72.87.41.85,guy-alexandre.jacques@server.fr,chauffeur
Guy-Gregoire,Mendes,NICE,6200,04.50.57.68.38,,agriculteur
Guy-Raymond,Moreau,LILLE,59000,03.73.47.85.37,guy-raymond.moreau@server.fr,footballeur
Helene,Charpentier,PARIS,75009,01.51.80.20.97,helene.charpentier@server.fr,chef d'entreprise
Helene,Chartier,PARIS,75013,01.03.58.45.15,helene.chartier@server.fr,chauffeur
Helene,Da Silva-Herve,NANTES,44200,02.20.84.92.96,helene.da-silva-herve@server.fr,
Helene,Fontaine,NICE,6200,04.12.19.62.40,helene.fontaine@server.fr,medecin
Helene,Guillaume,,,04.38.96.11.68,helene.guillaume@server.fr,militaire
Helene,Labbe,RILLIEUX LA PAPE,69140,04.54.01.23.46,helene.labbe@server.fr,
,Navarro,TOULOUSE,31500,05.11.62.50.42,helene.navarro@server.fr,barman
Helene,Pereira,,,05.98.93.86.64,helene.pereira@server.fr,acteur
Helene,Perret,,,04.79.52.40.44,helene.perret@server.fr,militaire
Helene,Rocher,,,04.04.73.51.07,helene.rocher@server.fr,avocat
Helene,Thierry,PARIS,75001,01.36.05.46.29,helene.thierry@server.fr,militaire
Henri,Adam,,,04.05.34.49.43,henri.adam@server.fr,
,Bailly-Lelievre,MARSEILLE,13009,04.05.43.14.37,henri.bailly-lelievre@server.fr,cuisinier
Henri,Barbe,NICE,6100,04.41.87.75.08,henri.barbe@server.fr,
,Bazin,,,04.79.54.38.70,henri.bazin@server.fr,
,Brunel Le Bonnin,,,01.87.90.80.81,henri.brunel-le-bonnin@server.fr,avocat
,Chevallier,ST ETIENNE,42000,04.26.38.84.35,henri.chevallier@server.fr,chercheur
Henri,Da Costa,,,05.19.27.27.58,henri.da-costa@server.fr,architecte
Henri,de la Bruneau,,,01.37.63.98.90,henri.de-la-bruneau@server.fr,
,de la Monnier,MARSEILLE,13006,04.03.44.60.69,henri.de-la-monnier@server.fr,
Henri,de Lagarde,LYON,69001,04.49.18.04.06,henri.de-lagarde@server.fr,
Henri,Deschamps du Jacquot,VILLEURBANNE,69100,04.99.74.47.85,henri.deschamps-du-jacquot@server.fr,
Henri,Dias,TOULOUSE,31200,05.58.14.86.00,henri.dias@server.fr,boulanger
Henri,Fleury,PARIS,75007,01.62.03.86.42,henri.fleury@server.fr,technicien
Henri,Labbe,NICE,6200,04.32.09.68.56,henri.labbe@server.fr,
,Le Fabre,PARIS,75116,01.25.88.67.12,henri.le-fabre@server.fr,
Henri,Leveque,RENNES,35000,02.61.98.64.77,henri.leveque@server.fr,barman
,Loiseau de Gosselin,LILLE,59160,03.86.22.88.86,henri.loiseau-de-gosselin@server.fr,
Henri,Lombard,PARIS,75002,01.86.25.52.96,henri.lombard@server.fr,
Henri,Martins,BORDEAUX,33100,05.62.65.42.51,henri.martins@server.fr,
Henri,Perret Le Alves,PARIS,75009,01.69.38.28.39,henri.perret-le-alves@server.fr,
Henri,Roche,NICE,6100,04.26.43.33.17,henri.roche@server.fr,
Henri,Weber,STRASBOURG,67000,03.25.80.87.23,henri.weber@server.fr,
Henri-Eugene,Andre,PARIS,75001,01.28.71.32.29,henri-eugene.andre@server.fr,
Henri-Joseph,Legendre,MARSEILLE,13007,04.28.07.44.39,henri-joseph.legendre@server.fr,acteur
Henriette,Aubert,LE HAVRE,76610,02.24.45.80.07,henriette.aubert@server.fr,
Henriette,Bernard,MONTPELLIER,34090,04.33.88.61.20,,informaticien
Henriette,Bouchet du Bruneau,PARIS,75006,01.00.45.82.87,henriette.bouchet-du-bruneau@server.fr,acteur
Henriette,Clerc,,,04.16.41.11.97,henriette.clerc@server.fr,
Henriette,de Bernier,MARSEILLE,13011,04.82.51.50.75,henriette.de-bernier@server.fr,militaire
Henriette,Ferreira,,,01.96.23.18.45,henriette.ferreira@server.fr,medecin
,Garcia,PARIS,75009,01.97.16.60.39,henriette.garcia@server.fr,
Henriette,Hubert,NICE,6200,04.35.62.02.81,henriette.hubert@server.fr,cuisinier
,Jacques du Guerin,MARSEILLE,13011,04.11.76.33.40,henriette.jacques-du-guerin@server.fr,
Henriette,Joly,,,04.84.66.94.70,henriette.joly@server.fr,
Henriette,Le Philippe,TOULOUSE,31000,05.14.26.98.80,henriette.le-philippe@server.fr,barman
Henriette,Olivier,GRENOBLE,38000,04.64.55.47.39,henriette.olivier@server.fr,chauffeur
,Paul-Legrand,PARIS,75016,01.38.96.26.63,henriette.paul-legrand@server.fr,acteur
,Petitjean-Raynaud,LYON,69005,04.17.70.35.20,henriette.petitjean-raynaud@server.fr,
Henriette,Toussaint,,,01.15.41.42.39,henriette.toussaint@server.fr,architecte
Henriette,Wagner,LE HAVRE,76600,02.18.52.21.78,henriette.wagner@server.fr,journaliste
Honore,Bailly-Louis,PARIS,75016,01.39.62.46.54,honore.bailly-louis@server.fr,
Honore,Becker du Andre,LILLE,59000,03.64.75.01.95,honore.becker-du-andre@server.fr,avocat
Honore,Becker-Pineau,,,04.64.23.46.83,honore.becker-pineau@server.fr,acteur
,Blanchet de Valette,MARSEILLE,13011,04.87.14.20.76,honore.blanchet-de-valette@server.fr,footballeur
,Boyer,PARIS,75009,01.21.85.88.20,honore.boyer@server.fr,chef d'entreprise
,Bruneau,MONTPELLIER,34090,04.64.96.01.31,honore.bruneau@server.fr,
Honore,Brunel,PARIS,75007,01.79.20.41.93,honore.brunel@server.fr,militaire
Honore,Charpentier,,,01.35.83.58.82,honore.charpentier@server.fr,
Honore,Da Silva,LYON,69009,04.50.71.47.37,honore.da-silva@server.fr,chef d'entreprise
Honore,de la Bertin,LYON,69001,04.39.65.98.85,honore.de-la-bertin@server.fr,
,Denis,LYON,69003,04.72.08.57.61,honore.denis@server.fr,
Honore,Diallo,PARIS,75020,01.58.53.67.45,honore.diallo@server.fr,
Honore,du Chauvet,PARIS,75007,01.65.51.16.61,,avocat
Honore,Duhamel,PARIS,75016,01.88.07.11.96,honore.duhamel@server.fr,chauffeur
Honore,Fernandes,,,04.57.72.81.52,honore.fernandes@server.fr,medecin
Honore,Lacroix,BORDEAUX,33000,05.64.40.91.15,honore.lacroix@server.fr,
Honore,Launay,MONTPELLIER,34080,04.53.46.96.52,honore.launay@server.fr,
,Le Goff,ST ETIENNE,42100,04.09.41.23.97,honore.le-goff@server.fr,ouvrier
Honore,Lecoq,GRENOBLE,38000,04.29.26.49.52,honore.lecoq@server.fr,acteur
Honore,Louis-Deschamps,NICE,6100,04.92.47.86.24,honore.louis-deschamps@server.fr,
,Monnier,NICE,6200,04.76.02.51.57,honore.monnier@server.fr,comptable
,Petitjean de Colas,,,05.01.40.06.35,honore.petitjean-de-colas@server.fr,
